<?xml version="1.0" encoding="UTF-8"?>
<project-private xmlns="http://www.netbeans.org/ns/project-private/1">
    <editor-bookmarks xmlns="http://www.netbeans.org/ns/editor-bookmarks/2" lastBookmarkId="0"/>
    <open-files xmlns="http://www.netbeans.org/ns/projectui-open-files/2">
        <group>
            <file>file:/D:/MCA/MCA-SEM1/ECJ-Advanced%20java/FilterDemo/src/java/MyFiltersDemo/OrderPage.java</file>
            <file>file:/D:/MCA/MCA-SEM1/ECJ-Advanced%20java/FilterDemo/src/java/MyFiltersDemo/Profilepage.java</file>
            <file>file:/D:/MCA/MCA-SEM1/ECJ-Advanced%20java/FilterDemo/web/index.html</file>
            <file>file:/D:/MCA/MCA-SEM1/ECJ-Advanced%20java/FilterDemo/web/WEB-INF/web.xml</file>
            <file>file:/D:/MCA/MCA-SEM1/ECJ-Advanced%20java/FilterDemo/src/java/MyFiltersDemo/MyServlet.java</file>
            <file>file:/D:/MCA/MCA-SEM1/ECJ-Advanced%20java/FilterDemo/src/java/MyFiltersDemo/MyFilter.java</file>
        </group>
    </open-files>
</project-private>
