<?xml version="1.0" encoding="UTF-8"?>
<project-private xmlns="http://www.netbeans.org/ns/project-private/1">
    <editor-bookmarks xmlns="http://www.netbeans.org/ns/editor-bookmarks/2" lastBookmarkId="0"/>
    <open-files xmlns="http://www.netbeans.org/ns/projectui-open-files/2">
        <group>
            <file>file:/D:/MCA/MCA-SEM1/ECJ-Advanced%20java/CRUD_opration/src/java/CRUD_OP/LoginFrom_Student.java</file>
            <file>file:/D:/MCA/MCA-SEM1/ECJ-Advanced%20java/CRUD_opration/src/java/CRUD_OP/LoginValidation_student.java</file>
            <file>file:/D:/MCA/MCA-SEM1/ECJ-Advanced%20java/CRUD_opration/src/java/CRUD_OP/list.java</file>
        </group>
    </open-files>
</project-private>
